christianbundy, @+oaWWDs8g73EZFUMfW37R/ULtFEjwKN/DczvdYihjbU=.ed25519
buoyantair, @b3ae566cmHDS8GYSHoKP8vsjRExQp5glpGRF1+dg0Sw=.ed25519
corlock, @sHFNLAao6phQ5AN17ecYNUbszDa4Qf6DhyQsjtQfdmY=.ed25519
Dominic, @EMovhfIrFk4NihAKnRNhrfRaqIhBv1Wj8pTxJNgvCCY=.ed25519
mix, @ye+QM09iPcDJD6YvQYjoQc7sLF/IFhmNbEqgdzQo3lQ=.ed25519
ike, @+aQL1YGSyeEIhPRMcw96/ztOy41RoKSGD7la7BUZVmA=.ed25519
punkmonk, @EaYYQo5nAQRabB9nxAn5i2uiIZ665b90Qk2U/WHNVE8=.ed25519
mnin, @SXVoA/7CuMRS5IDTNsO8HU2PvCIVq8HKUUx/k+idDiQ=.ed25519
Utunga, @11eoGBzqo+79IbzXDNFmF3LTgpb3F9Vkxh6g0USRxHo=.ed25519
magician11, @sbfmaA2g/MgGYwSZqnlH8xNOnevTjWsbmelNnB706zA=.ed25519
jenny, @cmhSny/LeGhpIw68yZHiFx3IbNVcsZJ/Lsjr3bns7/c=.ed25519
Dan, @KUHPz1fGlcZDeeM+cNVadMab46x/FAgyz+jtRPTb1nU=.ed25519
andreasdz, @3u2quSQ8qX1fTx4HQKthYPDavQI4Wm88kThExFXemYo=.ed25519


